doc_id,cluster
DOC_00001,6
DOC_00002,0
DOC_00003,0
DOC_00004,7
DOC_00005,1
DOC_00006,5
DOC_00007,0
DOC_00008,7
DOC_00009,1
DOC_00010,0
DOC_00011,3
DOC_00012,2
DOC_00013,5
DOC_00014,5
DOC_00015,0
DOC_00016,7
DOC_00017,0
DOC_00018,0
DOC_00019,0
DOC_00020,1
DOC_00021,0
DOC_00022,5
DOC_00023,6
DOC_00024,0
DOC_00025,5
DOC_00026,1
DOC_00027,5
DOC_00028,5
DOC_00029,6
DOC_00030,6
DOC_00031,7
DOC_00032,0
DOC_00033,1
DOC_00034,0
DOC_00035,0
DOC_00036,1
DOC_00037,7
DOC_00038,0
DOC_00039,0
DOC_00040,3
DOC_00041,6
DOC_00042,1
DOC_00043,3
DOC_00044,0
DOC_00045,0
DOC_00046,0
DOC_00047,0
DOC_00048,7
DOC_00049,7
DOC_00050,1
DOC_00051,3
DOC_00052,0
DOC_00053,0
DOC_00054,0
DOC_00055,7
DOC_00056,3
DOC_00057,6
DOC_00058,0
DOC_00059,4
DOC_00060,0
DOC_00061,1
DOC_00062,3
DOC_00063,1
DOC_00064,0
DOC_00065,7
DOC_00066,1
DOC_00067,3
DOC_00068,3
DOC_00069,0
DOC_00070,4
DOC_00071,0
DOC_00072,7
DOC_00073,0
DOC_00074,6
DOC_00075,3
DOC_00076,0
DOC_00077,7
DOC_00078,1
DOC_00079,7
DOC_00080,4
DOC_00081,2
DOC_00082,1
DOC_00083,7
DOC_00084,7
DOC_00085,0
DOC_00086,3
DOC_00087,1
DOC_00088,3
DOC_00089,3
DOC_00090,7
DOC_00091,1
DOC_00092,1
DOC_00093,4
DOC_00094,3
DOC_00095,0
DOC_00096,6
DOC_00097,7
DOC_00098,3
DOC_00099,7
DOC_00100,1
DOC_00101,3
DOC_00102,0
DOC_00103,1
DOC_00104,3
DOC_00105,2
DOC_00106,0
DOC_00107,1
DOC_00108,1
DOC_00109,0
DOC_00110,0
DOC_00111,6
DOC_00112,0
DOC_00113,0
DOC_00114,3
DOC_00115,0
DOC_00116,0
DOC_00117,6
DOC_00118,1
DOC_00119,1
DOC_00120,0
DOC_00121,0
DOC_00122,0
DOC_00123,0
DOC_00124,5
DOC_00125,3
DOC_00126,0
DOC_00127,3
DOC_00128,0
DOC_00129,3
DOC_00130,0
DOC_00131,3
DOC_00132,1
DOC_00133,5
DOC_00134,3
DOC_00135,0
DOC_00136,5
DOC_00137,7
DOC_00138,6
DOC_00139,1
DOC_00140,3
DOC_00141,5
DOC_00142,5
DOC_00143,1
DOC_00144,0
DOC_00145,7
DOC_00146,2
DOC_00147,1
DOC_00148,0
DOC_00149,0
DOC_00150,6
DOC_00151,6
DOC_00152,0
DOC_00153,1
DOC_00154,7
DOC_00155,3
DOC_00156,3
DOC_00157,4
DOC_00158,0
DOC_00159,6
DOC_00160,0
DOC_00161,1
DOC_00162,0
DOC_00163,4
DOC_00164,7
DOC_00165,0
DOC_00166,1
DOC_00167,3
DOC_00168,6
DOC_00169,4
DOC_00170,4
DOC_00171,7
DOC_00172,1
DOC_00173,4
DOC_00174,0
DOC_00175,7
DOC_00176,7
DOC_00177,4
DOC_00178,3
DOC_00179,3
DOC_00180,5
DOC_00181,5
DOC_00182,4
DOC_00183,6
DOC_00184,7
DOC_00185,0
DOC_00186,4
DOC_00187,0
DOC_00188,7
DOC_00189,6
DOC_00190,5
DOC_00191,6
DOC_00192,7
DOC_00193,5
DOC_00194,5
DOC_00195,1
DOC_00196,1
DOC_00197,7
DOC_00198,0
DOC_00199,1
DOC_00200,0
DOC_00201,7
DOC_00202,3
DOC_00203,3
DOC_00204,7
DOC_00205,0
DOC_00206,3
DOC_00207,6
DOC_00208,0
DOC_00209,4
DOC_00210,1
DOC_00211,2
DOC_00212,7
DOC_00213,6
DOC_00214,4
DOC_00215,2
DOC_00216,1
DOC_00217,6
DOC_00218,7
DOC_00219,0
DOC_00220,0
DOC_00221,4
DOC_00222,6
DOC_00223,1
DOC_00224,7
DOC_00225,0
DOC_00226,4
DOC_00227,7
DOC_00228,0
DOC_00229,0
DOC_00230,3
DOC_00231,1
DOC_00232,7
DOC_00233,0
DOC_00234,7
DOC_00235,7
DOC_00236,0
DOC_00237,7
DOC_00238,1
DOC_00239,5
DOC_00240,7
DOC_00241,1
DOC_00242,0
DOC_00243,0
DOC_00244,6
DOC_00245,0
DOC_00246,1
DOC_00247,6
DOC_00248,1
DOC_00249,7
DOC_00250,7
DOC_00251,4
DOC_00252,4
DOC_00253,0
DOC_00254,3
DOC_00255,0
DOC_00256,0
DOC_00257,0
DOC_00258,1
DOC_00259,0
DOC_00260,0
DOC_00261,0
DOC_00262,1
DOC_00263,3
DOC_00264,7
DOC_00265,0
DOC_00266,0
DOC_00267,5
DOC_00268,0
DOC_00269,0
DOC_00270,0
DOC_00271,0
DOC_00272,3
DOC_00273,3
DOC_00274,1
DOC_00275,0
DOC_00276,3
DOC_00277,1
DOC_00278,1
DOC_00279,1
DOC_00280,4
DOC_00281,5
DOC_00282,5
DOC_00283,1
DOC_00284,1
DOC_00285,0
DOC_00286,3
DOC_00287,0
DOC_00288,0
DOC_00289,0
DOC_00290,0
DOC_00291,7
DOC_00292,6
DOC_00293,0
DOC_00294,0
DOC_00295,1
DOC_00296,2
DOC_00297,5
DOC_00298,5
DOC_00299,3
DOC_00300,3
DOC_00301,5
DOC_00302,0
DOC_00303,0
DOC_00304,0
DOC_00305,6
DOC_00306,3
DOC_00307,3
DOC_00308,3
DOC_00309,1
DOC_00310,5
DOC_00311,4
DOC_00312,3
DOC_00313,0
DOC_00314,2
DOC_00315,1
DOC_00316,3
DOC_00317,1
DOC_00318,5
DOC_00319,1
DOC_00320,6
DOC_00321,6
DOC_00322,6
DOC_00323,3
DOC_00324,0
DOC_00325,6
DOC_00326,1
DOC_00327,6
DOC_00328,1
DOC_00329,7
DOC_00330,3
DOC_00331,5
DOC_00332,3
DOC_00333,7
DOC_00334,1
DOC_00335,7
DOC_00336,5
DOC_00337,6
DOC_00338,0
DOC_00339,0
DOC_00340,0
DOC_00341,2
DOC_00342,5
DOC_00343,6
DOC_00344,0
DOC_00345,7
DOC_00346,7
DOC_00347,5
DOC_00348,1
DOC_00349,4
DOC_00350,3
DOC_00351,3
DOC_00352,0
DOC_00353,5
DOC_00354,0
DOC_00355,1
DOC_00356,5
DOC_00357,1
DOC_00358,1
DOC_00359,2
DOC_00360,3
DOC_00361,0
DOC_00362,0
DOC_00363,0
DOC_00364,0
DOC_00365,3
DOC_00366,0
DOC_00367,1
DOC_00368,0
DOC_00369,0
DOC_00370,7
DOC_00371,0
DOC_00372,1
DOC_00373,7
DOC_00374,0
DOC_00375,0
DOC_00376,3
DOC_00377,0
DOC_00378,0
DOC_00379,1
DOC_00380,5
DOC_00381,7
DOC_00382,0
DOC_00383,1
DOC_00384,1
DOC_00385,0
DOC_00386,0
DOC_00387,1
DOC_00388,0
DOC_00389,3
DOC_00390,2
DOC_00391,0
DOC_00392,6
DOC_00393,3
DOC_00394,0
DOC_00395,0
DOC_00396,1
DOC_00397,1
DOC_00398,1
DOC_00399,3
DOC_00400,0
DOC_00401,6
DOC_00402,1
DOC_00403,1
DOC_00404,1
DOC_00405,5
DOC_00406,5
DOC_00407,0
DOC_00408,0
DOC_00409,0
DOC_00410,4
DOC_00411,0
DOC_00412,3
DOC_00413,3
DOC_00414,3
DOC_00415,7
DOC_00416,2
DOC_00417,3
DOC_00418,3
DOC_00419,1
DOC_00420,3
DOC_00421,7
DOC_00422,0
DOC_00423,3
DOC_00424,3
DOC_00425,5
DOC_00426,6
DOC_00427,7
DOC_00428,6
DOC_00429,3
DOC_00430,1
DOC_00431,5
DOC_00432,5
DOC_00433,0
DOC_00434,3
DOC_00435,3
DOC_00436,4
DOC_00437,0
DOC_00438,5
DOC_00439,3
DOC_00440,0
DOC_00441,5
DOC_00442,4
DOC_00443,7
DOC_00444,0
DOC_00445,5
DOC_00446,0
DOC_00447,1
DOC_00448,0
DOC_00449,0
DOC_00450,0
DOC_00451,2
DOC_00452,1
DOC_00453,4
DOC_00454,7
DOC_00455,0
DOC_00456,7
DOC_00457,3
DOC_00458,1
DOC_00459,1
DOC_00460,1
DOC_00461,0
DOC_00462,0
DOC_00463,5
DOC_00464,6
DOC_00465,5
DOC_00466,7
DOC_00467,1
DOC_00468,7
DOC_00469,7
DOC_00470,0
DOC_00471,5
DOC_00472,5
DOC_00473,2
DOC_00474,7
DOC_00475,0
DOC_00476,5
DOC_00477,0
DOC_00478,3
DOC_00479,0
DOC_00480,6
DOC_00481,1
DOC_00482,1
DOC_00483,0
DOC_00484,3
DOC_00485,0
DOC_00486,0
DOC_00487,5
DOC_00488,3
DOC_00489,0
DOC_00490,3
DOC_00491,1
DOC_00492,3
DOC_00493,1
DOC_00494,0
DOC_00495,4
DOC_00496,1
DOC_00497,1
DOC_00498,3
DOC_00499,3
DOC_00500,7
DOC_00501,2
DOC_00502,0
DOC_00503,7
DOC_00504,3
DOC_00505,7
DOC_00506,0
DOC_00507,3
DOC_00508,3
DOC_00509,1
DOC_00510,0
DOC_00511,0
DOC_00512,6
DOC_00513,0
DOC_00514,4
DOC_00515,6
DOC_00516,3
DOC_00517,3
DOC_00518,1
DOC_00519,0
DOC_00520,0
DOC_00521,3
DOC_00522,3
DOC_00523,1
DOC_00524,5
DOC_00525,0
DOC_00526,5
DOC_00527,0
DOC_00528,1
DOC_00529,1
DOC_00530,7
DOC_00531,3
DOC_00532,4
DOC_00533,1
DOC_00534,3
DOC_00535,3
DOC_00536,0
DOC_00537,5
DOC_00538,3
DOC_00539,5
DOC_00540,1
DOC_00541,7
DOC_00542,1
DOC_00543,4
DOC_00544,5
DOC_00545,7
DOC_00546,3
DOC_00547,7
DOC_00548,0
DOC_00549,7
DOC_00550,3
DOC_00551,7
DOC_00552,1
DOC_00553,1
DOC_00554,3
DOC_00555,5
DOC_00556,4
DOC_00557,4
DOC_00558,5
DOC_00559,3
DOC_00560,1
DOC_00561,6
DOC_00562,0
DOC_00563,1
DOC_00564,1
DOC_00565,0
DOC_00566,0
DOC_00567,7
DOC_00568,0
DOC_00569,1
DOC_00570,0
DOC_00571,4
DOC_00572,0
DOC_00573,0
DOC_00574,0
DOC_00575,1
DOC_00576,2
DOC_00577,1
DOC_00578,3
DOC_00579,0
DOC_00580,4
DOC_00581,4
DOC_00582,7
DOC_00583,1
DOC_00584,0
DOC_00585,0
DOC_00586,0
DOC_00587,3
DOC_00588,3
DOC_00589,3
DOC_00590,3
DOC_00591,1
DOC_00592,3
DOC_00593,0
DOC_00594,0
DOC_00595,3
DOC_00596,1
DOC_00597,0
DOC_00598,0
DOC_00599,7
DOC_00600,0
DOC_00601,3
DOC_00602,7
DOC_00603,7
DOC_00604,0
DOC_00605,0
DOC_00606,3
DOC_00607,6
DOC_00608,6
DOC_00609,4
DOC_00610,3
DOC_00611,0
DOC_00612,0
DOC_00613,0
DOC_00614,3
DOC_00615,3
DOC_00616,4
DOC_00617,0
DOC_00618,0
DOC_00619,3
DOC_00620,1
DOC_00621,7
DOC_00622,0
DOC_00623,1
DOC_00624,7
DOC_00625,3
DOC_00626,1
DOC_00627,7
DOC_00628,4
DOC_00629,3
DOC_00630,3
DOC_00631,3
DOC_00632,1
DOC_00633,1
DOC_00634,1
DOC_00635,0
DOC_00636,0
DOC_00637,7
DOC_00638,1
DOC_00639,3
DOC_00640,0
DOC_00641,3
DOC_00642,2
DOC_00643,7
DOC_00644,0
DOC_00645,3
DOC_00646,1
DOC_00647,2
DOC_00648,0
DOC_00649,3
DOC_00650,7
DOC_00651,3
DOC_00652,0
DOC_00653,1
DOC_00654,1
DOC_00655,3
DOC_00656,0
DOC_00657,0
DOC_00658,7
DOC_00659,0
DOC_00660,1
DOC_00661,1
DOC_00662,0
DOC_00663,7
DOC_00664,1
DOC_00665,0
DOC_00666,0
DOC_00667,0
DOC_00668,1
DOC_00669,5
DOC_00670,7
DOC_00671,1
DOC_00672,7
DOC_00673,7
DOC_00674,3
DOC_00675,1
DOC_00676,7
DOC_00677,2
DOC_00678,5
DOC_00679,5
DOC_00680,0
DOC_00681,1
DOC_00682,0
DOC_00683,3
DOC_00684,0
DOC_00685,2
DOC_00686,7
DOC_00687,7
DOC_00688,0
DOC_00689,0
DOC_00690,0
DOC_00691,7
DOC_00692,7
DOC_00693,0
DOC_00694,4
DOC_00695,1
DOC_00696,1
DOC_00697,0
DOC_00698,3
DOC_00699,5
DOC_00700,6
DOC_00701,7
DOC_00702,7
DOC_00703,3
DOC_00704,1
DOC_00705,0
DOC_00706,5
DOC_00707,2
DOC_00708,5
DOC_00709,7
DOC_00710,3
DOC_00711,6
DOC_00712,1
DOC_00713,5
DOC_00714,7
DOC_00715,6
DOC_00716,1
DOC_00717,0
DOC_00718,4
DOC_00719,1
DOC_00720,0
DOC_00721,3
DOC_00722,3
DOC_00723,0
DOC_00724,0
DOC_00725,7
DOC_00726,3
DOC_00727,5
DOC_00728,1
DOC_00729,0
DOC_00730,3
DOC_00731,0
DOC_00732,0
DOC_00733,0
DOC_00734,3
DOC_00735,7
DOC_00736,1
DOC_00737,3
DOC_00738,0
DOC_00739,1
DOC_00740,0
DOC_00741,5
DOC_00742,1
DOC_00743,1
DOC_00744,1
DOC_00745,1
DOC_00746,0
DOC_00747,1
DOC_00748,3
DOC_00749,0
DOC_00750,3
DOC_00751,5
DOC_00752,0
DOC_00753,1
DOC_00754,0
DOC_00755,0
DOC_00756,3
DOC_00757,7
DOC_00758,3
DOC_00759,3
DOC_00760,3
DOC_00761,1
DOC_00762,5
DOC_00763,5
DOC_00764,4
DOC_00765,5
DOC_00766,7
DOC_00767,3
DOC_00768,5
DOC_00769,0
DOC_00770,1
DOC_00771,1
DOC_00772,5
DOC_00773,0
DOC_00774,0
DOC_00775,1
DOC_00776,7
DOC_00777,4
DOC_00778,5
DOC_00779,0
DOC_00780,1
DOC_00781,3
DOC_00782,3
DOC_00783,0
DOC_00784,5
DOC_00785,6
DOC_00786,7
DOC_00787,6
DOC_00788,0
DOC_00789,7
DOC_00790,1
DOC_00791,7
DOC_00792,0
DOC_00793,5
DOC_00794,0
DOC_00795,5
DOC_00796,1
DOC_00797,3
DOC_00798,1
DOC_00799,1
DOC_00800,3
DOC_00801,0
DOC_00802,7
DOC_00803,0
DOC_00804,6
DOC_00805,0
DOC_00806,5
DOC_00807,0
DOC_00808,5
DOC_00809,0
DOC_00810,5
DOC_00811,6
DOC_00812,0
DOC_00813,4
DOC_00814,4
DOC_00815,6
DOC_00816,1
DOC_00817,5
DOC_00818,1
DOC_00819,0
DOC_00820,5
DOC_00821,7
DOC_00822,6
DOC_00823,0
DOC_00824,5
DOC_00825,5
DOC_00826,3
DOC_00827,5
DOC_00828,0
DOC_00829,3
DOC_00830,3
DOC_00831,5
DOC_00832,0
DOC_00833,1
DOC_00834,7
DOC_00835,1
DOC_00836,0
DOC_00837,1
DOC_00838,1
DOC_00839,0
DOC_00840,5
DOC_00841,3
DOC_00842,3
DOC_00843,1
DOC_00844,1
DOC_00845,6
DOC_00846,3
DOC_00847,0
DOC_00848,5
DOC_00849,1
DOC_00850,5
DOC_00851,3
DOC_00852,1
DOC_00853,7
DOC_00854,0
DOC_00855,4
DOC_00856,1
DOC_00857,0
DOC_00858,4
DOC_00859,1
DOC_00860,3
DOC_00861,0
DOC_00862,0
DOC_00863,0
DOC_00864,0
DOC_00865,3
DOC_00866,3
DOC_00867,7
DOC_00868,1
DOC_00869,5
DOC_00870,3
DOC_00871,0
DOC_00872,3
DOC_00873,3
DOC_00874,1
DOC_00875,0
DOC_00876,5
DOC_00877,7
DOC_00878,1
DOC_00879,2
DOC_00880,0
DOC_00881,2
DOC_00882,0
DOC_00883,2
DOC_00884,5
DOC_00885,0
DOC_00886,3
DOC_00887,4
DOC_00888,4
DOC_00889,5
DOC_00890,1
DOC_00891,7
DOC_00892,3
DOC_00893,4
DOC_00894,3
DOC_00895,0
DOC_00896,0
DOC_00897,3
DOC_00898,1
DOC_00899,1
DOC_00900,5
DOC_00901,0
DOC_00902,3
DOC_00903,7
DOC_00904,5
DOC_00905,0
DOC_00906,5
DOC_00907,0
DOC_00908,5
DOC_00909,0
DOC_00910,5
DOC_00911,0
DOC_00912,0
DOC_00913,3
DOC_00914,3
DOC_00915,0
DOC_00916,1
DOC_00917,7
DOC_00918,3
DOC_00919,5
DOC_00920,3
DOC_00921,0
DOC_00922,6
DOC_00923,0
DOC_00924,6
DOC_00925,6
DOC_00926,4
DOC_00927,3
DOC_00928,7
DOC_00929,7
DOC_00930,0
DOC_00931,0
DOC_00932,7
DOC_00933,5
DOC_00934,0
DOC_00935,3
DOC_00936,0
DOC_00937,3
DOC_00938,5
DOC_00939,1
DOC_00940,0
DOC_00941,6
DOC_00942,5
DOC_00943,1
DOC_00944,0
DOC_00945,1
DOC_00946,7
DOC_00947,0
DOC_00948,6
DOC_00949,7
DOC_00950,0
DOC_00951,0
DOC_00952,7
DOC_00953,1
DOC_00954,7
DOC_00955,7
DOC_00956,3
DOC_00957,5
DOC_00958,4
DOC_00959,0
DOC_00960,0
DOC_00961,0
DOC_00962,2
DOC_00963,7
DOC_00964,3
DOC_00965,3
DOC_00966,3
DOC_00967,5
DOC_00968,3
DOC_00969,0
DOC_00970,4
DOC_00971,1
DOC_00972,1
DOC_00973,4
DOC_00974,6
DOC_00975,7
DOC_00976,0
DOC_00977,7
DOC_00978,1
DOC_00979,3
DOC_00980,1
DOC_00981,0
DOC_00982,0
DOC_00983,3
DOC_00984,6
DOC_00985,0
DOC_00986,7
DOC_00987,7
DOC_00988,5
DOC_00989,0
DOC_00990,3
DOC_00991,3
DOC_00992,1
DOC_00993,0
DOC_00994,1
DOC_00995,0
DOC_00996,1
DOC_00997,4
DOC_00998,6
DOC_00999,1
DOC_01000,0
DOC_01001,7
DOC_01002,5
DOC_01003,5
DOC_01004,1
DOC_01005,0
DOC_01006,7
DOC_01007,6
DOC_01008,0
DOC_01009,1
DOC_01010,7
DOC_01011,5
DOC_01012,5
DOC_01013,0
DOC_01014,0
DOC_01015,1
DOC_01016,3
DOC_01017,0
DOC_01018,1
DOC_01019,1
DOC_01020,1
DOC_01021,1
DOC_01022,7
DOC_01023,0
DOC_01024,3
DOC_01025,4
DOC_01026,7
DOC_01027,7
DOC_01028,4
DOC_01029,4
DOC_01030,7
DOC_01031,5
DOC_01032,0
DOC_01033,0
DOC_01034,4
DOC_01035,1
DOC_01036,4
DOC_01037,3
DOC_01038,3
DOC_01039,0
DOC_01040,0
DOC_01041,3
DOC_01042,0
DOC_01043,3
DOC_01044,4
DOC_01045,7
DOC_01046,6
DOC_01047,7
DOC_01048,2
DOC_01049,0
DOC_01050,4
DOC_01051,5
DOC_01052,1
DOC_01053,0
DOC_01054,0
DOC_01055,5
DOC_01056,1
DOC_01057,3
DOC_01058,3
DOC_01059,4
DOC_01060,5
DOC_01061,5
DOC_01062,0
DOC_01063,0
DOC_01064,6
DOC_01065,1
DOC_01066,7
DOC_01067,3
DOC_01068,3
DOC_01069,2
DOC_01070,4
DOC_01071,7
DOC_01072,6
DOC_01073,3
DOC_01074,4
DOC_01075,1
DOC_01076,3
DOC_01077,0
DOC_01078,5
DOC_01079,0
DOC_01080,7
DOC_01081,0
DOC_01082,7
DOC_01083,6
DOC_01084,7
DOC_01085,0
DOC_01086,7
DOC_01087,3
DOC_01088,1
DOC_01089,1
DOC_01090,0
DOC_01091,6
DOC_01092,0
DOC_01093,7
DOC_01094,5
DOC_01095,1
DOC_01096,7
DOC_01097,0
DOC_01098,0
DOC_01099,1
DOC_01100,5
DOC_01101,1
DOC_01102,0
DOC_01103,1
DOC_01104,1
DOC_01105,1
DOC_01106,0
DOC_01107,0
DOC_01108,0
DOC_01109,0
DOC_01110,7
DOC_01111,0
DOC_01112,3
DOC_01113,0
DOC_01114,7
DOC_01115,7
DOC_01116,7
DOC_01117,0
DOC_01118,3
DOC_01119,7
DOC_01120,7
DOC_01121,0
DOC_01122,1
DOC_01123,1
DOC_01124,5
DOC_01125,0
DOC_01126,7
DOC_01127,1
DOC_01128,0
DOC_01129,5
DOC_01130,1
DOC_01131,1
DOC_01132,3
DOC_01133,5
DOC_01134,3
DOC_01135,6
DOC_01136,2
DOC_01137,3
DOC_01138,0
DOC_01139,1
DOC_01140,4
DOC_01141,7
DOC_01142,3
DOC_01143,4
DOC_01144,6
DOC_01145,4
DOC_01146,3
DOC_01147,7
DOC_01148,1
DOC_01149,0
DOC_01150,6
DOC_01151,4
DOC_01152,0
DOC_01153,3
DOC_01154,3
DOC_01155,4
DOC_01156,5
DOC_01157,4
DOC_01158,7
DOC_01159,0
DOC_01160,3
DOC_01161,7
DOC_01162,0
DOC_01163,5
DOC_01164,4
DOC_01165,0
DOC_01166,5
DOC_01167,4
DOC_01168,0
DOC_01169,1
DOC_01170,5
DOC_01171,0
DOC_01172,3
DOC_01173,7
DOC_01174,0
DOC_01175,1
DOC_01176,5
DOC_01177,0
DOC_01178,0
DOC_01179,5
DOC_01180,1
DOC_01181,0
DOC_01182,5
DOC_01183,5
DOC_01184,5
DOC_01185,0
DOC_01186,3
DOC_01187,7
DOC_01188,3
DOC_01189,0
DOC_01190,0
DOC_01191,6
DOC_01192,0
DOC_01193,0
DOC_01194,0
DOC_01195,6
DOC_01196,4
DOC_01197,4
DOC_01198,3
DOC_01199,6
DOC_01200,4
DOC_01201,0
DOC_01202,7
DOC_01203,0
DOC_01204,0
DOC_01205,1
DOC_01206,5
DOC_01207,0
DOC_01208,2
DOC_01209,4
DOC_01210,7
DOC_01211,1
DOC_01212,1
DOC_01213,7
DOC_01214,3
DOC_01215,1
DOC_01216,7
DOC_01217,3
DOC_01218,6
DOC_01219,1
DOC_01220,5
DOC_01221,6
DOC_01222,3
DOC_01223,3
DOC_01224,0
DOC_01225,5
DOC_01226,3
DOC_01227,4
DOC_01228,7
DOC_01229,0
DOC_01230,1
DOC_01231,1
DOC_01232,0
DOC_01233,0
DOC_01234,3
DOC_01235,0
DOC_01236,0
DOC_01237,0
DOC_01238,0
DOC_01239,7
DOC_01240,0
DOC_01241,1
DOC_01242,3
DOC_01243,7
DOC_01244,6
DOC_01245,7
DOC_01246,2
DOC_01247,3
DOC_01248,0
DOC_01249,0
DOC_01250,1
DOC_01251,3
DOC_01252,7
DOC_01253,3
DOC_01254,2
DOC_01255,6
DOC_01256,0
DOC_01257,5
DOC_01258,3
DOC_01259,5
DOC_01260,0
DOC_01261,0
DOC_01262,1
DOC_01263,5
DOC_01264,5
DOC_01265,1
DOC_01266,0
DOC_01267,2
DOC_01268,3
DOC_01269,0
DOC_01270,6
DOC_01271,7
DOC_01272,7
DOC_01273,0
DOC_01274,0
DOC_01275,4
DOC_01276,1
DOC_01277,3
DOC_01278,7
DOC_01279,0
DOC_01280,6
DOC_01281,3
DOC_01282,0
DOC_01283,5
DOC_01284,3
DOC_01285,3
DOC_01286,1
DOC_01287,7
DOC_01288,7
DOC_01289,0
DOC_01290,5
DOC_01291,5
DOC_01292,3
DOC_01293,3
DOC_01294,5
DOC_01295,0
DOC_01296,6
DOC_01297,1
DOC_01298,7
DOC_01299,0
DOC_01300,4
DOC_01301,1
DOC_01302,6
DOC_01303,1
DOC_01304,1
DOC_01305,0
DOC_01306,7
DOC_01307,1
DOC_01308,5
DOC_01309,5
DOC_01310,7
DOC_01311,6
DOC_01312,7
DOC_01313,3
DOC_01314,0
DOC_01315,7
DOC_01316,1
DOC_01317,3
DOC_01318,1
DOC_01319,3
DOC_01320,7
DOC_01321,0
DOC_01322,3
DOC_01323,0
DOC_01324,1
DOC_01325,1
DOC_01326,5
DOC_01327,3
DOC_01328,1
DOC_01329,0
DOC_01330,0
DOC_01331,3
DOC_01332,4
DOC_01333,3
DOC_01334,7
DOC_01335,1
DOC_01336,5
DOC_01337,3
DOC_01338,3
DOC_01339,3
DOC_01340,0
DOC_01341,5
DOC_01342,0
DOC_01343,0
DOC_01344,3
DOC_01345,1
DOC_01346,0
DOC_01347,7
DOC_01348,1
DOC_01349,6
DOC_01350,0
DOC_01351,4
DOC_01352,7
DOC_01353,1
DOC_01354,3
DOC_01355,7
DOC_01356,1
DOC_01357,0
DOC_01358,3
DOC_01359,0
DOC_01360,5
DOC_01361,0
DOC_01362,1
DOC_01363,0
DOC_01364,1
DOC_01365,4
DOC_01366,1
DOC_01367,1
DOC_01368,3
DOC_01369,4
DOC_01370,0
DOC_01371,7
DOC_01372,0
DOC_01373,7
DOC_01374,5
DOC_01375,1
DOC_01376,7
DOC_01377,0
DOC_01378,4
DOC_01379,0
DOC_01380,0
DOC_01381,0
DOC_01382,0
DOC_01383,6
DOC_01384,7
DOC_01385,0
DOC_01386,0
DOC_01387,0
DOC_01388,3
DOC_01389,0
DOC_01390,0
DOC_01391,3
DOC_01392,3
DOC_01393,0
DOC_01394,6
DOC_01395,3
DOC_01396,0
DOC_01397,4
DOC_01398,3
DOC_01399,7
DOC_01400,1
DOC_01401,3
DOC_01402,1
DOC_01403,7
DOC_01404,0
DOC_01405,2
DOC_01406,1
DOC_01407,5
DOC_01408,6
DOC_01409,7
DOC_01410,0
DOC_01411,1
DOC_01412,0
DOC_01413,3
DOC_01414,0
DOC_01415,3
DOC_01416,1
DOC_01417,6
DOC_01418,1
DOC_01419,0
DOC_01420,7
DOC_01421,3
DOC_01422,3
DOC_01423,0
DOC_01424,0
DOC_01425,0
DOC_01426,0
DOC_01427,4
DOC_01428,0
DOC_01429,0
DOC_01430,7
DOC_01431,3
DOC_01432,7
DOC_01433,5
DOC_01434,5
DOC_01435,2
DOC_01436,7
DOC_01437,4
DOC_01438,0
DOC_01439,0
DOC_01440,1
DOC_01441,3
DOC_01442,7
DOC_01443,0
DOC_01444,4
DOC_01445,3
DOC_01446,0
DOC_01447,0
DOC_01448,6
DOC_01449,7
DOC_01450,0
DOC_01451,2
DOC_01452,3
DOC_01453,2
DOC_01454,3
DOC_01455,7
DOC_01456,5
DOC_01457,7
DOC_01458,0
DOC_01459,6
DOC_01460,5
DOC_01461,4
DOC_01462,7
DOC_01463,0
DOC_01464,6
DOC_01465,0
DOC_01466,3
DOC_01467,3
DOC_01468,1
DOC_01469,3
DOC_01470,2
DOC_01471,0
DOC_01472,0
DOC_01473,0
DOC_01474,1
DOC_01475,0
DOC_01476,5
DOC_01477,0
DOC_01478,0
DOC_01479,0
DOC_01480,0
DOC_01481,0
DOC_01482,0
DOC_01483,3
DOC_01484,1
DOC_01485,1
DOC_01486,6
DOC_01487,1
DOC_01488,0
DOC_01489,0
DOC_01490,4
DOC_01491,5
DOC_01492,3
DOC_01493,0
DOC_01494,3
DOC_01495,1
DOC_01496,0
DOC_01497,7
DOC_01498,4
DOC_01499,6
DOC_01500,0
DOC_01501,1
DOC_01502,3
DOC_01503,0
DOC_01504,3
DOC_01505,7
DOC_01506,1
DOC_01507,7
DOC_01508,0
DOC_01509,1
DOC_01510,7
DOC_01511,0
DOC_01512,6
DOC_01513,3
DOC_01514,7
DOC_01515,5
DOC_01516,3
DOC_01517,1
DOC_01518,4
DOC_01519,1
DOC_01520,5
DOC_01521,4
DOC_01522,0
DOC_01523,7
DOC_01524,7
DOC_01525,2
DOC_01526,4
DOC_01527,6
DOC_01528,0
DOC_01529,3
DOC_01530,5
DOC_01531,6
DOC_01532,7
DOC_01533,7
DOC_01534,6
DOC_01535,0
DOC_01536,6
DOC_01537,3
DOC_01538,0
DOC_01539,0
DOC_01540,3
DOC_01541,1
DOC_01542,5
DOC_01543,1
DOC_01544,0
DOC_01545,7
DOC_01546,7
DOC_01547,0
DOC_01548,1
DOC_01549,3
DOC_01550,3
DOC_01551,0
DOC_01552,0
DOC_01553,3
DOC_01554,7
DOC_01555,2
DOC_01556,3
DOC_01557,7
DOC_01558,4
DOC_01559,1
DOC_01560,1
DOC_01561,0
DOC_01562,1
DOC_01563,0
DOC_01564,5
DOC_01565,2
DOC_01566,0
DOC_01567,4
DOC_01568,1
DOC_01569,5
DOC_01570,5
DOC_01571,7
DOC_01572,1
DOC_01573,6
DOC_01574,4
DOC_01575,1
DOC_01576,1
DOC_01577,7
DOC_01578,0
DOC_01579,7
DOC_01580,7
DOC_01581,3
DOC_01582,7
DOC_01583,0
DOC_01584,0
DOC_01585,2
DOC_01586,1
DOC_01587,5
DOC_01588,4
DOC_01589,3
DOC_01590,4
DOC_01591,6
DOC_01592,1
DOC_01593,7
DOC_01594,6
DOC_01595,0
DOC_01596,7
DOC_01597,3
DOC_01598,3
DOC_01599,1
DOC_01600,7
DOC_01601,0
DOC_01602,0
DOC_01603,7
DOC_01604,0
DOC_01605,0
DOC_01606,5
DOC_01607,0
DOC_01608,7
DOC_01609,7
DOC_01610,3
DOC_01611,0
DOC_01612,1
DOC_01613,0
DOC_01614,3
DOC_01615,0
DOC_01616,0
DOC_01617,1
DOC_01618,1
DOC_01619,0
DOC_01620,7
DOC_01621,0
DOC_01622,3
DOC_01623,5
DOC_01624,1
DOC_01625,0
DOC_01626,0
DOC_01627,7
DOC_01628,0
DOC_01629,1
DOC_01630,1
DOC_01631,1
DOC_01632,7
DOC_01633,0
DOC_01634,5
DOC_01635,3
DOC_01636,0
DOC_01637,1
DOC_01638,3
DOC_01639,3
DOC_01640,3
DOC_01641,1
DOC_01642,3
DOC_01643,0
DOC_01644,7
DOC_01645,7
DOC_01646,0
DOC_01647,3
DOC_01648,3
DOC_01649,3
DOC_01650,2
DOC_01651,0
DOC_01652,5
DOC_01653,0
DOC_01654,3
DOC_01655,3
DOC_01656,1
DOC_01657,1
DOC_01658,7
DOC_01659,1
DOC_01660,1
DOC_01661,5
DOC_01662,3
DOC_01663,6
DOC_01664,5
DOC_01665,1
DOC_01666,3
DOC_01667,0
DOC_01668,0
DOC_01669,4
DOC_01670,5
DOC_01671,1
DOC_01672,0
DOC_01673,1
DOC_01674,7
DOC_01675,0
DOC_01676,7
DOC_01677,0
DOC_01678,0
DOC_01679,4
DOC_01680,0
DOC_01681,3
DOC_01682,3
DOC_01683,6
DOC_01684,7
DOC_01685,1
DOC_01686,1
DOC_01687,3
DOC_01688,0
DOC_01689,0
DOC_01690,6
DOC_01691,6
DOC_01692,1
DOC_01693,0
DOC_01694,0
DOC_01695,4
DOC_01696,0
DOC_01697,6
DOC_01698,2
DOC_01699,5
DOC_01700,7
DOC_01701,5
DOC_01702,1
DOC_01703,0
DOC_01704,1
DOC_01705,5
DOC_01706,0
DOC_01707,7
DOC_01708,0
DOC_01709,5
DOC_01710,5
DOC_01711,3
DOC_01712,7
DOC_01713,7
DOC_01714,3
DOC_01715,0
DOC_01716,0
DOC_01717,3
DOC_01718,1
DOC_01719,1
DOC_01720,0
DOC_01721,0
DOC_01722,1
DOC_01723,0
DOC_01724,3
DOC_01725,6
DOC_01726,0
DOC_01727,5
DOC_01728,0
DOC_01729,7
DOC_01730,5
DOC_01731,0
DOC_01732,5
DOC_01733,7
DOC_01734,1
DOC_01735,6
DOC_01736,6
DOC_01737,0
DOC_01738,4
DOC_01739,4
DOC_01740,0
DOC_01741,0
DOC_01742,0
DOC_01743,2
DOC_01744,0
DOC_01745,1
DOC_01746,1
DOC_01747,1
DOC_01748,0
DOC_01749,7
DOC_01750,0
DOC_01751,4
DOC_01752,2
DOC_01753,1
DOC_01754,3
DOC_01755,0
DOC_01756,7
DOC_01757,1
DOC_01758,0
DOC_01759,3
DOC_01760,0
DOC_01761,0
DOC_01762,5
DOC_01763,0
DOC_01764,0
DOC_01765,1
DOC_01766,1
DOC_01767,1
DOC_01768,0
DOC_01769,6
DOC_01770,5
DOC_01771,7
DOC_01772,5
DOC_01773,5
DOC_01774,5
DOC_01775,5
DOC_01776,5
DOC_01777,5
DOC_01778,1
DOC_01779,3
DOC_01780,6
DOC_01781,3
DOC_01782,6
DOC_01783,3
DOC_01784,3
DOC_01785,0
DOC_01786,0
DOC_01787,7
DOC_01788,7
DOC_01789,5
DOC_01790,1
DOC_01791,1
DOC_01792,0
DOC_01793,1
DOC_01794,6
DOC_01795,6
DOC_01796,0
DOC_01797,3
DOC_01798,0
DOC_01799,1
DOC_01800,7
DOC_01801,7
DOC_01802,5
DOC_01803,1
DOC_01804,0
DOC_01805,1
DOC_01806,3
DOC_01807,3
DOC_01808,2
DOC_01809,1
DOC_01810,5
DOC_01811,0
DOC_01812,3
DOC_01813,0
DOC_01814,0
DOC_01815,0
DOC_01816,7
DOC_01817,6
DOC_01818,0
DOC_01819,6
DOC_01820,3
DOC_01821,3
DOC_01822,0
DOC_01823,0
DOC_01824,0
DOC_01825,1
DOC_01826,0
DOC_01827,7
DOC_01828,5
DOC_01829,4
DOC_01830,7
DOC_01831,5
DOC_01832,0
DOC_01833,7
DOC_01834,6
DOC_01835,7
DOC_01836,3
DOC_01837,3
DOC_01838,4
DOC_01839,7
DOC_01840,3
DOC_01841,7
DOC_01842,0
DOC_01843,0
DOC_01844,4
DOC_01845,7
DOC_01846,7
DOC_01847,1
DOC_01848,7
DOC_01849,0
DOC_01850,5
DOC_01851,0
DOC_01852,6
DOC_01853,3
DOC_01854,1
DOC_01855,5
DOC_01856,1
DOC_01857,0
DOC_01858,3
DOC_01859,3
DOC_01860,0
DOC_01861,5
DOC_01862,0
DOC_01863,3
DOC_01864,5
DOC_01865,4
DOC_01866,0
DOC_01867,4
DOC_01868,5
DOC_01869,4
DOC_01870,7
DOC_01871,6
DOC_01872,4
DOC_01873,5
DOC_01874,1
DOC_01875,3
DOC_01876,4
DOC_01877,0
DOC_01878,6
DOC_01879,1
DOC_01880,1
DOC_01881,0
DOC_01882,7
DOC_01883,6
DOC_01884,3
DOC_01885,1
DOC_01886,3
DOC_01887,0
DOC_01888,0
DOC_01889,4
DOC_01890,4
DOC_01891,0
DOC_01892,7
DOC_01893,3
DOC_01894,1
DOC_01895,6
DOC_01896,1
DOC_01897,0
DOC_01898,7
DOC_01899,0
DOC_01900,3
DOC_01901,1
DOC_01902,2
DOC_01903,5
DOC_01904,5
DOC_01905,1
DOC_01906,5
DOC_01907,1
DOC_01908,1
DOC_01909,7
DOC_01910,5
DOC_01911,0
DOC_01912,7
DOC_01913,0
DOC_01914,7
DOC_01915,1
DOC_01916,0
DOC_01917,3
DOC_01918,0
DOC_01919,7
DOC_01920,7
DOC_01921,4
DOC_01922,1
DOC_01923,0
DOC_01924,5
DOC_01925,7
DOC_01926,3
DOC_01927,3
DOC_01928,2
DOC_01929,3
DOC_01930,0
DOC_01931,3
DOC_01932,1
DOC_01933,0
DOC_01934,4
DOC_01935,1
DOC_01936,7
DOC_01937,1
DOC_01938,0
DOC_01939,3
DOC_01940,6
DOC_01941,1
DOC_01942,3
DOC_01943,5
DOC_01944,3
DOC_01945,3
DOC_01946,7
DOC_01947,4
DOC_01948,7
DOC_01949,3
DOC_01950,0
DOC_01951,0
DOC_01952,6
DOC_01953,3
DOC_01954,7
DOC_01955,0
DOC_01956,3
DOC_01957,5
DOC_01958,6
DOC_01959,4
DOC_01960,0
DOC_01961,4
DOC_01962,7
DOC_01963,5
DOC_01964,7
DOC_01965,6
DOC_01966,5
DOC_01967,3
DOC_01968,0
DOC_01969,1
DOC_01970,1
DOC_01971,0
DOC_01972,7
DOC_01973,5
DOC_01974,5
DOC_01975,0
DOC_01976,3
DOC_01977,7
DOC_01978,1
DOC_01979,4
DOC_01980,3
DOC_01981,0
DOC_01982,1
DOC_01983,2
DOC_01984,0
DOC_01985,5
DOC_01986,1
DOC_01987,3
DOC_01988,1
DOC_01989,4
DOC_01990,3
DOC_01991,7
DOC_01992,3
DOC_01993,4
DOC_01994,1
DOC_01995,7
DOC_01996,1
DOC_01997,3
DOC_01998,0
DOC_01999,4
DOC_02000,0
DOC_02001,0
DOC_02002,0
DOC_02003,0
DOC_02004,7
DOC_02005,7
DOC_02006,7
DOC_02007,1
DOC_02008,0
DOC_02009,6
DOC_02010,0
DOC_02011,4
DOC_02012,7
DOC_02013,6
DOC_02014,0
DOC_02015,0
DOC_02016,3
DOC_02017,0
DOC_02018,0
DOC_02019,0
DOC_02020,1
DOC_02021,1
DOC_02022,1
DOC_02023,3
DOC_02024,4
DOC_02025,7
DOC_02026,4
DOC_02027,0
DOC_02028,3
DOC_02029,5
DOC_02030,1
DOC_02031,7
DOC_02032,5
DOC_02033,0
DOC_02034,2
DOC_02035,5
DOC_02036,3
DOC_02037,0
DOC_02038,0
DOC_02039,3
DOC_02040,1
DOC_02041,0
DOC_02042,0
DOC_02043,7
DOC_02044,6
DOC_02045,5
DOC_02046,1
DOC_02047,1
DOC_02048,6
DOC_02049,0
DOC_02050,2
DOC_02051,0
DOC_02052,7
DOC_02053,4
DOC_02054,7
DOC_02055,5
DOC_02056,0
DOC_02057,4
DOC_02058,3
DOC_02059,0
DOC_02060,0
DOC_02061,5
DOC_02062,3
DOC_02063,0
DOC_02064,0
DOC_02065,3
DOC_02066,0
DOC_02067,3
DOC_02068,4
DOC_02069,3
DOC_02070,7
DOC_02071,7
DOC_02072,5
DOC_02073,0
DOC_02074,3
DOC_02075,0
DOC_02076,0
DOC_02077,0
DOC_02078,5
DOC_02079,7
DOC_02080,7
DOC_02081,0
DOC_02082,3
DOC_02083,0
DOC_02084,1
DOC_02085,0
DOC_02086,0
DOC_02087,0
DOC_02088,3
DOC_02089,3
DOC_02090,6
DOC_02091,1
DOC_02092,3
DOC_02093,0
DOC_02094,0
DOC_02095,1
DOC_02096,5
DOC_02097,0
DOC_02098,7
DOC_02099,6
DOC_02100,7
DOC_02101,3
DOC_02102,4
DOC_02103,7
DOC_02104,6
DOC_02105,3
DOC_02106,4
DOC_02107,6
DOC_02108,5
DOC_02109,7
DOC_02110,0
DOC_02111,7
DOC_02112,0
DOC_02113,0
DOC_02114,1
DOC_02115,3
DOC_02116,1
DOC_02117,5
DOC_02118,2
DOC_02119,5
DOC_02120,0
DOC_02121,0
DOC_02122,0
DOC_02123,1
DOC_02124,7
DOC_02125,3
DOC_02126,7
DOC_02127,5
DOC_02128,1
DOC_02129,1
DOC_02130,6
DOC_02131,1
DOC_02132,5
DOC_02133,4
DOC_02134,4
DOC_02135,4
DOC_02136,1
DOC_02137,5
DOC_02138,0
DOC_02139,3
DOC_02140,2
DOC_02141,5
DOC_02142,0
DOC_02143,0
DOC_02144,5
DOC_02145,5
DOC_02146,7
DOC_02147,3
DOC_02148,3
DOC_02149,7
DOC_02150,6
DOC_02151,6
DOC_02152,0
DOC_02153,0
DOC_02154,5
DOC_02155,0
DOC_02156,5
DOC_02157,0
DOC_02158,0
DOC_02159,3
DOC_02160,3
DOC_02161,0
DOC_02162,3
DOC_02163,3
DOC_02164,5
